Nome,Data,Identificacao
Osmund Ambulo Oscaran Melkioz,04/10/2016,86151284169
Tilenio Romulo Oscaran Lorentao,27/07/2002,70319120209
Felicia Ambulo Topovi Casas,14/12/2013,15158493627
Tilenio Romulo Oscaran Melkioz,10/03/2002,53285849063
Catulo Virino Talento Casas,06/10/2005,99382546177
Catulo Olambro Soterno Mantega,15/12/2009,56615218147
Senizio Cartuxo Sereno Melkioz,21/06/2009,66832997108
Tilenio Atomon Soterno Lasmia,04/11/2015,57109433823
Felicia Cartuxo Moncoes Casas,20/03/2016,85488305569
Artmio Virino Soterno Lasmia,18/10/2000,10913642929
Felicia Ambulo Sereno Melkioz,11/01/2003,61505134838
Tilenio Virino Topovi Melkioz,02/06/2012,46152946277
Catulo Olambro Sereno Casas,18/03/2005,44209878905
Artmio Atomon Talento Melkioz,17/10/2013,18131112759
Artmio Cartuxo Oscaran Motivio,01/04/2011,28444061048
Osmund Cartuxo Soterno Casas,01/09/2000,25336659163
Felicia Olambro Soterno Casas,21/06/2012,40299432446
Felicia Romulo Sereno Motivio,08/05/2012,07414534817
Tilenio Olambro Sereno Lorentao,13/02/2004,95907654269
Artmio Virino Soterno Lorentao,26/06/2013,69466384834
Senizio Atomon Sereno Casas,28/12/2007,85573149995
Catulo Ambulo Sereno Motivio,27/08/2011,88726206149
Catulo Cartuxo Moncoes Motivio,11/01/2004,60273761872
Tilenio Ambulo Oscaran Casas,16/12/2014,70579654543
Felicia Romulo Topovi Mantega,15/02/2013,13782782754
Osmund Atomon Oscaran Melkioz,05/07/2012,58197387743
Artmio Olambro Sereno Casas,13/08/2013,60818792114
Senizio Cartuxo Moncoes Lasmia,14/02/2015,38006259455
Artmio Olambro Soterno Motivio,25/12/2003,63846399025
Felicia Cartuxo Soterno Mantega,22/04/2014,58964344282
Osmund Atomon Sereno Mantega,21/05/2003,79079772468
Catulo Cartuxo Topovi Mantega,21/11/2015,67827556757
Tilenio Romulo Talento Motivio,06/07/2011,55908352170
Senizio Ambulo Oscaran Motivio,23/10/2007,27888551061
Senizio Olambro Soterno Melkioz,01/11/2002,89912497268
Felicia Cartuxo Moncoes Lasmia,26/10/2008,68508173325
Artmio Romulo Oscaran Mantega,02/02/2012,78119308317
Felicia Cartuxo Topovi Lorentao,22/01/2001,93689652731
Artmio Ambulo Oscaran Mantega,21/08/2003,23330270271
Catulo Virino Soterno Casas,03/06/2011,84622865315
Catulo Olambro Soterno Lasmia,17/10/2000,38693131541
Artmio Olambro Moncoes Mantega,05/02/2014,38942071911
Senizio Olambro Topovi Lasmia,11/10/2003,37805320421
Artmio Romulo Sereno Lasmia,11/04/2002,48332264614
Artmio Virino Soterno Motivio,14/09/2015,33490974458
Felicia Atomon Soterno Mantega,28/12/2005,94252825787
Tilenio Ambulo Sereno Lorentao,17/09/2003,74137265666
Senizio Romulo Talento Motivio,16/01/2005,36406365489
Felicia Atomon Soterno Mantega,28/04/2008,84818209813
Tilenio Ambulo Sereno Mantega,04/08/2009,36148122381
Artmio Olambro Oscaran Motivio,19/04/2006,87529362826
Tilenio Atomon Topovi Mantega,26/12/2013,99332458698
Senizio Romulo Moncoes Mantega,17/01/2005,94712908234
Senizio Cartuxo Sereno Motivio,14/01/2006,94447233997
Artmio Olambro Talento Motivio,03/09/2011,92447100455
Tilenio Cartuxo Sereno Motivio,03/03/2007,37208619611
Artmio Ambulo Soterno Lorentao,04/05/2015,66927238771
Senizio Olambro Oscaran Motivio,24/09/2007,24399015648
Senizio Atomon Topovi Motivio,19/04/2012,32113915672
Artmio Romulo Topovi Lorentao,14/07/2008,20643966632
Senizio Ambulo Oscaran Mantega,05/06/2011,03360779747
Catulo Romulo Oscaran Lasmia,21/03/2007,82381138585
Tilenio Ambulo Topovi Motivio,21/11/2002,16801713603
Artmio Ambulo Topovi Melkioz,18/10/2006,21755035284
Tilenio Cartuxo Topovi Lasmia,05/09/2008,20262523776
Osmund Virino Talento Casas,06/04/2010,78123874505
Tilenio Ambulo Topovi Melkioz,26/08/2012,72067917821
Felicia Virino Talento Melkioz,04/05/2006,34731058282
Senizio Olambro Topovi Lorentao,17/07/2013,68748341330
Artmio Atomon Moncoes Motivio,23/02/2009,34904242136
Tilenio Atomon Sereno Melkioz,14/12/2007,07755395971
Felicia Atomon Talento Melkioz,04/12/2016,86418409768
Catulo Romulo Soterno Mantega,04/08/2016,75107851921
Artmio Romulo Soterno Motivio,21/02/2006,11392772966
Osmund Virino Talento Lasmia,02/05/2009,55809041628
Felicia Atomon Moncoes Lorentao,12/09/2003,15880082524
Artmio Virino Topovi Motivio,07/07/2003,12153147938
Tilenio Virino Moncoes Casas,02/09/2013,38784946862
Tilenio Ambulo Moncoes Motivio,09/03/2001,38680776979
Tilenio Olambro Oscaran Lorentao,05/06/2006,69579759679
Osmund Ambulo Oscaran Melkioz,04/10/2016,42665093531
Osmund Ambulo Oscaran Melkioz,04/10/2016,05052875548
Osmund Ambulo Oscaran Melkioz,04/10/2016,99928441270
Osmund Ambulo Oscaran Melkioz,09/09/2000,61527602198
Senizio Atomon Sereno Casas,28/12/2007,15543373302
Senizio Atomon Sereno Casas,16/10/2014,49678283556
Senizio Atomon Sereno Casas,28/12/2007,45733922977
Senizio Atomon Sereno Casas,28/12/2007,79596233320
Catulo Olambro Soterno Lasmia,17/10/2000,22994712549
Catulo Olambro Soterno Lasmia,17/10/2000,50541126076
Catulo Olambro Soterno Lasmia,28/01/2015,51411486907
Catulo Olambro Soterno Lasmia,04/09/2002,34676327018
Senizio Ambulo Oscaran Mantega,16/06/2016,88894919182
Senizio Ambulo Oscaran Mantega,05/06/2011,55736120616
Senizio Ambulo Oscaran Mantega,17/07/2011,41044340469
Senizio Ambulo Oscaran Mantega,05/06/2011,81991467905
Artmio Cartuxo Oscaran Lorentao,17/12/2015,67683041744
Artmio Olambro Moncoes Casas,25/06/2016,69435764213
Senizio Virino Talento Mantega,04/09/2004,03971917978
Osmund Atomon Moncoes Lasmia,17/08/2010,56648961128
